event_id,OriginalEventRate,EventDescription
1,0.001,Event 1
2,0.001,Event 2
3,0.001,Event 3
5,0.001,Event 5
7,0.001,Event 7
11,0.001,Event 11
12,0.001,Event 12
13,0.001,Event 13
16,0.001,Event 16
17,0.001,Event 17
18,0.001,Event 18
20,0.001,Event 20
25,0.001,Event 25
27,0.001,Event 27
32,0.001,Event 32
33,0.001,Event 33
34,0.001,Event 34
36,0.001,Event 36
37,0.001,Event 37
38,0.001,Event 38
40,0.001,Event 40
41,0.001,Event 41
43,0.001,Event 43
44,0.001,Event 44
46,0.001,Event 46
48,0.001,Event 48
51,0.001,Event 51
64,0.001,Event 64
66,0.001,Event 66
70,0.001,Event 70
72,0.001,Event 72
73,0.001,Event 73
74,0.001,Event 74
75,0.001,Event 75
76,0.001,Event 76
78,0.001,Event 78
79,0.001,Event 79
84,0.001,Event 84
85,0.001,Event 85
86,0.001,Event 86
87,0.001,Event 87
89,0.001,Event 89
92,0.001,Event 92
99,0.001,Event 99
102,0.001,Event 102
105,0.001,Event 105
109,0.001,Event 109
115,0.001,Event 115
116,0.001,Event 116
119,0.001,Event 119
120,0.001,Event 120
125,0.001,Event 125
126,0.001,Event 126
132,0.001,Event 132
134,0.001,Event 134
137,0.001,Event 137
138,0.001,Event 138
143,0.001,Event 143
145,0.001,Event 145
147,0.001,Event 147
148,0.001,Event 148
149,0.001,Event 149
151,0.001,Event 151
161,0.001,Event 161
162,0.001,Event 162
164,0.001,Event 164
166,0.001,Event 166
168,0.001,Event 168
175,0.001,Event 175
177,0.001,Event 177
178,0.001,Event 178
180,0.001,Event 180
183,0.001,Event 183
187,0.001,Event 187
192,0.001,Event 192
195,0.001,Event 195
196,0.001,Event 196
211,0.001,Event 211
213,0.001,Event 213
218,0.001,Event 218
221,0.001,Event 221
222,0.001,Event 222
231,0.001,Event 231
233,0.001,Event 233
237,0.001,Event 237
241,0.001,Event 241
244,0.001,Event 244
249,0.001,Event 249
254,0.001,Event 254
256,0.001,Event 256
258,0.001,Event 258
261,0.001,Event 261
262,0.001,Event 262
265,0.001,Event 265
282,0.001,Event 282
283,0.001,Event 283
286,0.001,Event 286
287,0.001,Event 287
289,0.001,Event 289
290,0.001,Event 290
291,0.001,Event 291
292,0.001,Event 292
293,0.001,Event 293
294,0.001,Event 294
297,0.001,Event 297
298,0.001,Event 298
301,0.001,Event 301
304,0.001,Event 304
307,0.001,Event 307
309,0.001,Event 309
310,0.001,Event 310
317,0.001,Event 317
320,0.001,Event 320
321,0.001,Event 321
327,0.001,Event 327
328,0.001,Event 328
333,0.001,Event 333
335,0.001,Event 335
336,0.001,Event 336
339,0.001,Event 339
344,0.001,Event 344
345,0.001,Event 345
347,0.001,Event 347
349,0.001,Event 349
350,0.001,Event 350
354,0.001,Event 354
358,0.001,Event 358
359,0.001,Event 359
360,0.001,Event 360
362,0.001,Event 362
364,0.001,Event 364
365,0.001,Event 365
367,0.001,Event 367
369,0.001,Event 369
371,0.001,Event 371
372,0.001,Event 372
375,0.001,Event 375
379,0.001,Event 379
380,0.001,Event 380
381,0.001,Event 381
383,0.001,Event 383
385,0.001,Event 385
386,0.001,Event 386
387,0.001,Event 387
389,0.001,Event 389
393,0.001,Event 393
394,0.001,Event 394
395,0.001,Event 395
400,0.001,Event 400
401,0.001,Event 401
402,0.001,Event 402
403,0.001,Event 403
408,0.001,Event 408
409,0.001,Event 409
410,0.001,Event 410
423,0.001,Event 423
424,0.001,Event 424
429,0.001,Event 429
431,0.001,Event 431
435,0.001,Event 435
437,0.001,Event 437
439,0.001,Event 439
441,0.001,Event 441
442,0.001,Event 442
444,0.001,Event 444
445,0.001,Event 445
447,0.001,Event 447
453,0.001,Event 453
454,0.001,Event 454
456,0.001,Event 456
458,0.001,Event 458
460,0.001,Event 460
463,0.001,Event 463
467,0.001,Event 467
468,0.001,Event 468
477,0.001,Event 477
480,0.001,Event 480
485,0.001,Event 485
487,0.001,Event 487
494,0.001,Event 494
497,0.001,Event 497
498,0.001,Event 498
499,0.001,Event 499
500,0.001,Event 500
501,0.001,Event 501
502,0.001,Event 502
506,0.001,Event 506
510,0.001,Event 510
514,0.001,Event 514
517,0.001,Event 517
521,0.001,Event 521
524,0.001,Event 524
531,0.001,Event 531
533,0.001,Event 533
535,0.001,Event 535
536,0.001,Event 536
538,0.001,Event 538
539,0.001,Event 539
543,0.001,Event 543
551,0.001,Event 551
556,0.001,Event 556
561,0.001,Event 561
564,0.001,Event 564
565,0.001,Event 565
566,0.001,Event 566
573,0.001,Event 573
578,0.001,Event 578
579,0.001,Event 579
584,0.001,Event 584
586,0.001,Event 586
590,0.001,Event 590
591,0.001,Event 591
595,0.001,Event 595
603,0.001,Event 603
605,0.001,Event 605
611,0.001,Event 611
612,0.001,Event 612
614,0.001,Event 614
618,0.001,Event 618
619,0.001,Event 619
620,0.001,Event 620
621,0.001,Event 621
631,0.001,Event 631
636,0.001,Event 636
642,0.001,Event 642
645,0.001,Event 645
647,0.001,Event 647
648,0.001,Event 648
652,0.001,Event 652
654,0.001,Event 654
655,0.001,Event 655
658,0.001,Event 658
663,0.001,Event 663
664,0.001,Event 664
666,0.001,Event 666
669,0.001,Event 669
670,0.001,Event 670
671,0.001,Event 671
674,0.001,Event 674
675,0.001,Event 675
676,0.001,Event 676
677,0.001,Event 677
679,0.001,Event 679
680,0.001,Event 680
684,0.001,Event 684
687,0.001,Event 687
693,0.001,Event 693
695,0.001,Event 695
698,0.001,Event 698
704,0.001,Event 704
706,0.001,Event 706
708,0.001,Event 708
709,0.001,Event 709
713,0.001,Event 713
714,0.001,Event 714
718,0.001,Event 718
720,0.001,Event 720
730,0.001,Event 730
737,0.001,Event 737
745,0.001,Event 745
747,0.001,Event 747
749,0.001,Event 749
754,0.001,Event 754
757,0.001,Event 757
761,0.001,Event 761
762,0.001,Event 762
765,0.001,Event 765
768,0.001,Event 768
769,0.001,Event 769
774,0.001,Event 774
776,0.001,Event 776
777,0.001,Event 777
779,0.001,Event 779
780,0.001,Event 780
782,0.001,Event 782
785,0.001,Event 785
790,0.001,Event 790
791,0.001,Event 791
793,0.001,Event 793
796,0.001,Event 796
798,0.001,Event 798
800,0.001,Event 800
805,0.001,Event 805
808,0.001,Event 808
809,0.001,Event 809
822,0.001,Event 822
824,0.001,Event 824
825,0.001,Event 825
828,0.001,Event 828
830,0.001,Event 830
834,0.001,Event 834
835,0.001,Event 835
843,0.001,Event 843
847,0.001,Event 847
848,0.001,Event 848
851,0.001,Event 851
852,0.001,Event 852
853,0.001,Event 853
854,0.001,Event 854
855,0.001,Event 855
857,0.001,Event 857
859,0.001,Event 859
861,0.001,Event 861
862,0.001,Event 862
864,0.001,Event 864
868,0.001,Event 868
871,0.001,Event 871
874,0.001,Event 874
877,0.001,Event 877
880,0.001,Event 880
885,0.001,Event 885
894,0.001,Event 894
896,0.001,Event 896
897,0.001,Event 897
898,0.001,Event 898
902,0.001,Event 902
905,0.001,Event 905
907,0.001,Event 907
908,0.001,Event 908
909,0.001,Event 909
910,0.001,Event 910
919,0.001,Event 919
929,0.001,Event 929
931,0.001,Event 931
934,0.001,Event 934
935,0.001,Event 935
942,0.001,Event 942
944,0.001,Event 944
946,0.001,Event 946
949,0.001,Event 949
951,0.001,Event 951
952,0.001,Event 952
954,0.001,Event 954
958,0.001,Event 958
960,0.001,Event 960
962,0.001,Event 962
965,0.001,Event 965
967,0.001,Event 967
968,0.001,Event 968
973,0.001,Event 973
974,0.001,Event 974
982,0.001,Event 982
988,0.001,Event 988
990,0.001,Event 990
993,0.001,Event 993
994,0.001,Event 994
995,0.001,Event 995
997,0.001,Event 997
999,0.001,Event 999
1000,0.001,Event 1000
1003,0.001,Event 1003
1004,0.001,Event 1004
1005,0.001,Event 1005
1011,0.001,Event 1011
1020,0.001,Event 1020
1021,0.001,Event 1021
1027,0.001,Event 1027
1031,0.001,Event 1031
1036,0.001,Event 1036
1038,0.001,Event 1038
1047,0.001,Event 1047
1050,0.001,Event 1050
1056,0.001,Event 1056
1061,0.001,Event 1061
1062,0.001,Event 1062
1066,0.001,Event 1066
1070,0.001,Event 1070
1075,0.001,Event 1075
1077,0.001,Event 1077
1078,0.001,Event 1078
1079,0.001,Event 1079
1081,0.001,Event 1081
1082,0.001,Event 1082
1085,0.001,Event 1085
1086,0.001,Event 1086
1093,0.001,Event 1093
1094,0.001,Event 1094
1095,0.001,Event 1095
1097,0.001,Event 1097
1098,0.001,Event 1098
1104,0.001,Event 1104
1105,0.001,Event 1105
1107,0.001,Event 1107
1111,0.001,Event 1111
1112,0.001,Event 1112
1114,0.001,Event 1114
1117,0.001,Event 1117
1120,0.001,Event 1120
1122,0.001,Event 1122
1127,0.001,Event 1127
1130,0.001,Event 1130
1136,0.001,Event 1136
1137,0.001,Event 1137
1138,0.001,Event 1138
1139,0.001,Event 1139
1142,0.001,Event 1142
1144,0.001,Event 1144
1145,0.001,Event 1145
1150,0.001,Event 1150
1151,0.001,Event 1151
1152,0.001,Event 1152
1154,0.001,Event 1154
1155,0.001,Event 1155
1161,0.001,Event 1161
1162,0.001,Event 1162
1163,0.001,Event 1163
1166,0.001,Event 1166
1188,0.001,Event 1188
1193,0.001,Event 1193
1195,0.001,Event 1195
1199,0.001,Event 1199
1200,0.001,Event 1200
1206,0.001,Event 1206
1209,0.001,Event 1209
1210,0.001,Event 1210
1214,0.001,Event 1214
1217,0.001,Event 1217
1221,0.001,Event 1221
1223,0.001,Event 1223
1225,0.001,Event 1225
1226,0.001,Event 1226
1227,0.001,Event 1227
1229,0.001,Event 1229
1231,0.001,Event 1231
1239,0.001,Event 1239
1243,0.001,Event 1243
1255,0.001,Event 1255
1258,0.001,Event 1258
1262,0.001,Event 1262
1265,0.001,Event 1265
1266,0.001,Event 1266
1267,0.001,Event 1267
1271,0.001,Event 1271
1274,0.001,Event 1274
1275,0.001,Event 1275
1285,0.001,Event 1285
1290,0.001,Event 1290
1294,0.001,Event 1294
1295,0.001,Event 1295
1296,0.001,Event 1296
1303,0.001,Event 1303
1305,0.001,Event 1305
1307,0.001,Event 1307
1308,0.001,Event 1308
1309,0.001,Event 1309
1322,0.001,Event 1322
1323,0.001,Event 1323
1324,0.001,Event 1324
1325,0.001,Event 1325
1328,0.001,Event 1328
1330,0.001,Event 1330
1332,0.001,Event 1332
1334,0.001,Event 1334
1342,0.001,Event 1342
1345,0.001,Event 1345
1348,0.001,Event 1348
1354,0.001,Event 1354
1356,0.001,Event 1356
1361,0.001,Event 1361
1368,0.001,Event 1368
1372,0.001,Event 1372
1373,0.001,Event 1373
1374,0.001,Event 1374
1377,0.001,Event 1377
1379,0.001,Event 1379
1382,0.001,Event 1382
1384,0.001,Event 1384
1385,0.001,Event 1385
1387,0.001,Event 1387
1389,0.001,Event 1389
1391,0.001,Event 1391
1392,0.001,Event 1392
1395,0.001,Event 1395
1398,0.001,Event 1398
1399,0.001,Event 1399
1405,0.001,Event 1405
1407,0.001,Event 1407
1413,0.001,Event 1413
1419,0.001,Event 1419
1423,0.001,Event 1423
1424,0.001,Event 1424
1425,0.001,Event 1425
1427,0.001,Event 1427
1433,0.001,Event 1433
1436,0.001,Event 1436
1437,0.001,Event 1437
1440,0.001,Event 1440
1443,0.001,Event 1443
1444,0.001,Event 1444
1446,0.001,Event 1446
1447,0.001,Event 1447
